iter	Logloss
0	0.6724230083
1	0.6521331853
2	0.6327993308
3	0.614099314
4	0.5960469952
5	0.5786095327
6	0.5617345275
7	0.5454683343
8	0.529709624
9	0.5145361801
10	0.4999215499
11	0.4857774192
12	0.4721545655
13	0.4590164077
14	0.4463375113
15	0.4341047239
16	0.4222981875
17	0.4067588307
18	0.395927761
19	0.3854835268
20	0.3754115931
21	0.3619817381
22	0.3491193246
